baking soda;;MEHMET;Kubilay;;;HAMIT;Niazi;;;;Adana;Bim
apple pie spice;;ALI;Guler;;;MELEK;Sofuoglu;;;;Adiyaman;A101
red pepper flakes;;HALIL;Kimyacioglu;;;NURTEN;Karatas;;;;Afyon;Diasa
limes;;IBRAHIM;Aksu;;;AYSEL;Ozbey;;;;Agri;Migros
red cabbage;;EMIN;Kurtulus;;;TULIN;Bolukbasi;;;;Amasya;Hakmar
cumin;;HASAN;Ozturk;;;SEVGI;Zarakolu;;;;Ankara;Carrefour SA
barley sugar;;HUSEYIN;Enver;;;IMRAN;Tarhan;;;;Antalya;Kipa
oatmeal;;RIZA;Cicek;;;NEVIN;Ekici;;;;Artvin;Uyum
Cappuccino Latte;;OSMAN;Izzet;;;INCI;Akpinar;;;;Aydin;Happy Center
Havarti cheese;;IHSAN;Akarsu;;;GULI;Sancakli;;;;Balikesir;Makrocenter
tomatoes;;SALIH;Ozcelik;;;FIGEN;Renda;;;;Bilecik;Bim
cantaloupes;;OMER;Sancar;;;OZCAN;Kemal;;;;Bingol;A101
snap peas;;FARUK;Dogu;;;NURAY;Onder;;;;Bitlis;Diasa
thyme;;ISMAIL;Batur;;;SEYMA;Tuna;;;;Bolu;Migros
almonds;;HAKKI;Mumcu;;;BILAL;Oguz;;;;Burdur;Hakmar
Marsala;;MUSTAFA;Unsal;;;BURCU;Yagmur;;;;Bursa;Carrefour SA
adobo;;KEMAL;Colak;;;ANA;Engin;;;;Canakkale;Kipa
water;;NURI;Oz;;;AYKUT;Usak;;;;Cankiri;Uyum
sour cream;;YUNUS;Gursel;;;SUPHI;Avci;;;;Corum;Happy Center
croutons;;EMRE;Kocer;;;IZZET;Taylan;;;;Denizli;Makrocenter
dried leeks;;SAIT;Neyzi;;;KORAY;Kashani;;;;Diyarbakir;Bim
navy beans;;AYSE;Toraman;;;ASLAN;Aydin;;;;Edirne;A101
beer;;GUL;Pamuk;;;TUGRUL;Gunaydin;;;;Elazig;Diasa
chocolate;;ZEKI;Yasar;;;HABES;Sahin;;;;Erzincan;Migros
corned beef;;AKIF;Albayrak;;;TAYFUN;Ertug;;;;Erzurum;Hakmar
halibut;;SIRIN;Ceren;;;SEREF;Abdil;;;;Eskisehir;Carrefour SA
cream;;FATIH;Eser;;;ENVER;Turkay;;;;Gaziantep;Kipa
gouda;;DURMUS;Gokcen;;;FAHRETTIN;Dilmen;;;;Giresun;Uyum
wasabi;;SERIF;Ak;;;FESIH;Gulpinar;;;;Gumushane;Happy Center
peaches;;HACI;Nalband;;;HUMEYRA;Sarigul;;;;Hakkari;Makrocenter
squid;;SELIM;Behcet;;;KAGAN;Bulut;;;;Hatay;Bim
vanilla;;BAYRAM;Uzumcu;;;TUNCAY;Kizilkaya;;;;Isparta;A101
beans;;CAN;Keles;;;AKIN;Denkel;;;;Mersin;Diasa
powdered sugar;;HAYDAR;Togay;;;ALP;Sezer;;;;Istanbul;Migros
tomato sauce;;DURSUN;Akkoyun;;;NEJAT;Tas;;;;Izmir;Hakmar
graham crackers;;AHMET;Fisek;;;SABIT;Yetis;;;;Kars;Carrefour SA
wine;;SIDDIK;Bayraktar;;;CANER;Kaymak;;;;Kastamonu;Kipa
peanut butter;;HANIFI;Aktuna;;;SELAHATTIN;Sahan;;;;Kayseri;Uyum
honey;;BASRI;Karakus;;;ARZU;Gursu;;;;Kirklareli;Happy Center
breadcrumbs;;YUSUF;Kobal;;;TOPEL;Saltik;;;;Kirsehir;Makrocenter
plums;;ZIYA;Akgun;;;SAMET;Yerlikaya;;;;Kocaeli;Bim
chickpeas;;FATMA;Atalar;;;LEYLA;Tiryaki;;;;Konya;A101
white chocolate;;SEYIT;Erkoc;;;ENES;Onut;;;;Kutahya;Diasa
brandy;;NUR;Yasin;;;ARSLAN;Kekilli;;;;Malatya;Migros
flour;;MUHAMMET;Elmas;;;HANDAN;Doruk;;;;Manisa;Hakmar
anchovy paste;;EMIR;Kaya;;;KUCUK;Zeybek;;;;Kahramanmaras;Carrefour SA
trout;;TURAN;Yigit;;;KEREM;Coban;;;;Mardin;Kipa
rosemary;;DUDU;Ataman;;;MASUK;Calik;;;;Mugla;Uyum
duck;;ZEHRA;Yalman;;;VAHIT;Yuksel;;;;Mus;Happy Center
couscous;;EKBER;Yuce;;;ISMET;Mustafa;;;;Nevsehir;Makrocenter
condensed milk;;SAH;Torun;;;KERIM;Dikmen;;;;Nigde;Bim
liver;;YASAR;Toner;;;EBU;Aktas;;;;Ordu;A101
pistachios;;ZEYNEL;Can;;;SUHEYLA;Erdemir;;;;Rize;Diasa
sea cucumbers;;ABIDIN;Simsek;;;OYA;Hacioglu;;;;Sakarya;Migros
chicken;;FUAT;Firat;;;FUNDA;Kaba;;;;Samsun;Hakmar
ice cream;;NAMIK;Erbil;;;EDA;Altan;;;;Siirt;Carrefour SA
cod;;TAHIR;Gul;;;ANIL;Uslu;;;;Sinop;Kipa
blueberries;;MURAT;Onaral;;;AYNUR;Zaimoglu;;;;Sivas;Uyum
cocoa powder;;UMMU;Sirin;;;ESMA;Sengul;;;;Tekirdag;Happy Center
white beans;;GULSUM;Atalay;;;FAZIL;Karadeniz;;;;Tokat;Makrocenter
flounder;;SUKRU;Hussein;;;TALAT;Terzioglu;;;;Trabzon;Bim
rice vinegar;;YAVUZ;Bozdag;;;MALIK;Polat;;;;Tunceli;A101
capers;;HAMDI;Aydogdu;;;EJDER;Uner;;;;Sanliurfa;Diasa
alfredo sauce;;AVNI;Gucer;;;FERHAT;Inal;;;;Usak;Migros
octopus;;RESIT;Keser;;;YAKUP;Akkoz;;;;Van;Hakmar
shallots;;SAKIR;Tarcan;;;SEVINC;Kaptan;;;;Yozgat;Carrefour SA
milk;;TAHSIN;Nur;;;MUSLUM;Akdemir;;;;Zonguldak;Kipa
won ton skins;;CUMA;Karabulut;;;DERYA;Ozkok;;;;Aksaray;Uyum
pigs feet;;SADIK;Yavuz;;;GULTEN;Kivanc;;;;Bayburt;Happy Center
Worcestershire sauce;;MEMET;Ozdemir;;;PERIHAN;Nadir;;;;Karaman;Makrocenter
ginger;;MUHAMMED;Ozmen;;;AYLA;Birol;;;;Kirikkale;Bim
coconut milk;;ARIF;Sokullu;;;TURHAN;Metin;;;;Batman;A101
black beans;;BESIR;Selte;;;ZULKUF;Basak;;;;Sirnak;Diasa
rhubarb;;DURDU;Gundogdu;;;FADIME;Kunter;;;;Bartin;Migros
moo shu wrappers;;NEZIR;Ilkin;;;SELAMI;Dalman;;;;Ardahan;Hakmar
provolone;;ETHEM;Gumus;;;RAIF;Yesil;;;;Igdir;Carrefour SA
tomato puree;;HATICE;Demir;;;EVREN;Karagoz;;;;Yalova;Kipa
bourbon;;KUBRA;Demirbas;;;YESIM;Tahir;;;;Karabuk;Uyum
garlic;;SABRI;Sunter;;;ERTAN;Tufan;;;;Kilis;Happy Center
salmon;;KENAN;Volkan;;;SERVET;Alkan;;;;Osmaniye;Makrocenter
apple butter;;RECEP;Genc;;;NAIM;Dede;;;;Duzce;Bim
fennel seeds;;RESAT;Okay;;;NAIL;Yesilnil;;;;Adana;A101
steak;;VEYSI;Bal;;;HATIP;Buruk;;;;Adiyaman;Diasa
red beans;;SEFIK;Bilgili;;;BUSRA;Sarp;;;;Afyon;Migros
dates;;METIN;Kubat;;;SAN;Cetinkaya;;;;Agri;Hakmar
mozzarella;;TEVFIK;Ecevit;;;HILAL;Demirkol;;;;Amasya;Carrefour SA
wine vinegar;;UGUR;Inan;;;CUMHUR;Topcu;;;;Ankara;Kipa
nectarines;;HIKMET;Bayindir;;;CAGLAR;Ergun;;;;Antalya;Uyum
paprika;;ATA;Sarper;;;NURDAN;Turkan;;;;Artvin;Happy Center
snow peas;;HAKAN;Tunc;;;SEVIL;Sarikaya;;;;Aydin;Makrocenter
red chile powder;;FEHMI;Sezgin;;;ALIYE;Saylan;;;;Balikesir;Bim
cherries;;SAHIN;Turgut;;;NESE;Ece;;;;Bilecik;A101
baguette;;BETUL;Kas;;;ENIS;Cagri;;;;Bingol;Diasa
beets;;DURAN;Asik;;;RECAI;Kayyali;;;;Bitlis;Migros
ricotta cheese;;SINAN;Yumlu;;;FEYZI;Hasim;;;;Bolu;Hakmar
snapper;;LUTFI;Ozcan;;;BIRSEN;Ciller;;;;Burdur;Carrefour SA
maraschino cherries;;LATIF;Kocyigit;;;OZGE;Nazmi;;;;Bursa;Kipa
dill;;HANIM;Yildiz;;;NAKI;Guler;;;;Canakkale;Uyum
turkeys;;SIRAC;Dagtekin;;;MEHMET;Kimyacioglu;;;;Cankiri;Happy Center
cayenne pepper;;EMINE;Gollu;;;ALI;Aksu;;;;Corum;Makrocenter
bass;;HATUN;Ayhan;;;HALIL;Kurtulus;;;;Denizli;Bim
grapefruits;;BAKI;Levni;;;IBRAHIM;Ozturk;;;;Diyarbakir;A101
lamb;;CEMAL;Celal;;;EMIN;Enver;;;;Edirne;Diasa
radishes;;CEMIL;Ekren;;;HASAN;Cicek;;;;Elazig;Migros
andouille sausage;;CAHIT;Emre;;;HUSEYIN;Izzet;;;;Erzincan;Hakmar
unsweetened chocolate;;HALIT;Zorlu;;;RIZA;Akarsu;;;;Erzurum;Carrefour SA
blue cheese;;HAYRI;Basaran;;;OSMAN;Ozcelik;;;;Eskisehir;Kipa
cooking wine;;MAHMUT;Cavus;;;IHSAN;Sancar;;;;Gaziantep;Uyum
tartar sauce;;NEDIM;Dinc;;;SALIH;Dogu;;;;Giresun;Happy Center
flax seed;;MUSA;Aktug;;;OMER;Batur;;;;Gumushane;Makrocenter
granola;;KAZIM;Dereli;;;FARUK;Mumcu;;;;Hakkari;Bim
curry paste;;BEKIR;Sabri;;;ISMAIL;Unsal;;;;Hatay;A101
amaretto;;HARUN;Gulden;;;HAKKI;Colak;;;;Isparta;Diasa
buckwheat;;ETEM;Budak;;;MUSTAFA;Oz;;;;Mersin;Migros
basil;;SIDIK;Akyildiz;;;KEMAL;Gursel;;;;Istanbul;Hakmar
spinach;;SEYDI;Sokmen;;;NURI;Kocer;;;;Izmir;Carrefour SA
french fries;;GALIP;Kuru;;;YUNUS;Neyzi;;;;Kars;Kipa
sweet chili sauce;;NACI;Yavuz;;;EMRE;Toraman;;;;Kastamonu;Uyum
pesto;;HADI;Bora;;;SAIT;Pamuk;;;;Kayseri;Happy Center
papayas;;KAMIL;Iscan;;;AYSE;Yasar;;;;Kirklareli;Makrocenter
sunflower seeds;;BULENT;Samdereli;;;GUL;Albayrak;;;;Kirsehir;Bim
ancho chile peppers;;SERDAR;Sedef;;;ZEKI;Ceren;;;;Kocaeli;A101
tofu;;CENGIZ;Yavuz;;;AKIF;Eser;;;;Konya;Diasa
potatoes;;SAMI;Uygun;;;SIRIN;Gokcen;;;;Kutahya;Migros
sweet potatoes;;HANEFI;Sanli;;;FATIH;Ak;;;;Malatya;Hakmar
chai;;HILMI;Namli;;;DURMUS;Nalband;;;;Manisa;Carrefour SA
broccoli raab;;BURAK;Serif;;;SERIF;Behcet;;;;Kahramanmaras;Kipa
honeydew melons;;HUSNU;Avni;;;HACI;Uzumcu;;;;Mardin;Uyum
parsley;;SITKI;Ucuncu;;;SELIM;Keles;;;;Mugla;Happy Center
water chestnuts;;GOKHAN;Ayik;;;BAYRAM;Togay;;;;Mus;Makrocenter
date sugar;;CELAL;Ekinci;;;CAN;Akkoyun;;;;Nevsehir;Bim
prunes;;IZZETTIN;Ozbilgin;;;HAYDAR;Fisek;;;;Nigde;A101
pink beans;;SULEYMAN;Inci;;;DURSUN;Bayraktar;;;;Ordu;Diasa
bean sauce;;SIRRI;Uzunlar;;;AHMET;Aktuna;;;;Rize;Migros
sage;;ASKER;Asani;;;SIDDIK;Karakus;;;;Sakarya;Hakmar
grouper;;ONUR;Uyanik;;;HANIFI;Kobal;;;;Samsun;Carrefour SA
lettuce;;UMIT;Murat;;;BASRI;Akgun;;;;Siirt;Kipa
Canadian bacon;;YILMAZ;Bilici;;;YUSUF;Atalar;;;;Sinop;Uyum
grapes;;AYDIN;Karaduman;;;ZIYA;Erkoc;;;;Sivas;Happy Center
ginger ale;;SEMA;Ayvaz;;;FATMA;Yasin;;;;Tekirdag;Makrocenter
poultry seasoning;;ORHAN;Dink;;;SEYIT;Elmas;;;;Tokat;Bim
swordfish;;SIH;Ozal;;;NUR;Kaya;;;;Trabzon;A101
mustard;;YAHYA;Yagci;;;MUHAMMET;Yigit;;;;Tunceli;Diasa
coconut oil;;MASUM;Erim;;;EMIR;Ataman;;;;Sanliurfa;Migros
squash;;NECATI;Balci;;;TURAN;Yalman;;;;Usak;Hakmar
chili powder;;KADRI;Tekeli;;;DUDU;Yuce;;;;Van;Carrefour SA
apples;;IMAM;Abaci;;;ZEHRA;Torun;;;;Yozgat;Kipa
barbecue sauce;;ABDUL;Guney;;;EKBER;Toner;;;;Zonguldak;Uyum
passion fruit;;KADIR;Bereket;;;SAH;Can;;;;Aksaray;Happy Center
cinnamon;;REFIK;Koca;;;YASAR;Simsek;;;;Bayburt;Makrocenter
habanero chilies;;NESIM;Gunay;;;ZEYNEL;Firat;;;;Karaman;Bim
watermelons;;SERKAN;Nalci;;;ABIDIN;Erbil;;;;Kirikkale;A101
brown sugar;;ULVI;Kutlu;;;FUAT;Gul;;;;Batman;Diasa
brussels sprouts;;DEMIR;Oncel;;;NAMIK;Onaral;;;;Sirnak;Migros
borscht;;RESUL;Armagan;;;TAHIR;Sirin;;;;Bartin;Hakmar
custard;;CEM;Incesu;;;MURAT;Atalay;;;;Ardahan;Carrefour SA
cabbage;;HAVVA;Halefoglu;;;UMMU;Hussein;;;;Igdir;Kipa
mascarpone;;CAFER;Tuncer;;;GULSUM;Bozdag;;;;Yalova;Uyum
cauliflower;;TAYYAR;Ulas;;;SUKRU;Aydogdu;;;;Karabuk;Happy Center
allspice;;OGUZ;Duman;;;YAVUZ;Gucer;;;;Kilis;Makrocenter
molasses;;LEVENT;Cevahir;;;HAMDI;Keser;;;;Osmaniye;Bim
sugar;;VEYSEL;Turkmen;;;AVNI;Tarcan;;;;Duzce;A101
pears;;KARANI;Karan;;;RESIT;Nur;;;;Adana;Diasa
onions;;SENA;Karakas;;;SAKIR;Karabulut;;;;Adiyaman;Migros
crabs;;SELCUK;Guven;;;TAHSIN;Yavuz;;;;Afyon;Hakmar
sherry;;ESE;Korkut;;;CUMA;Ozdemir;;;;Agri;Carrefour SA
chaurice sausage;;REMZI;Öztürk;;;SADIK;Ozmen;;;;Amasya;Kipa
bagels;;SEDAT;Kucuk;;;MEMET;Sokullu;;;;Ankara;Uyum
pomegranates;;ZAFER;Ozek;;;MUHAMMED;Selte;;;;Antalya;Happy Center
ketchup;;NURULLAH;Koprulu;;;ARIF;Gundogdu;;;;Artvin;Makrocenter
bay leaves;;VELI;Kahveci;;;BESIR;Ilkin;;;;Aydin;Bim
mesclun greens;;FAIK;Peker;;;DURDU;Gumus;;;;Balikesir;A101
green beans;;FAHRI;Baser;;;NEZIR;Demir;;;;Bilecik;Diasa
green onions;;ERKAN;Akin;;;ETHEM;Demirbas;;;;Bingol;Migros
breadfruit;;DOGAN;Apak;;;HATICE;Sunter;;;;Bitlis;Hakmar
pancetta;;VAKKAS;Koz;;;KUBRA;Volkan;;;;Bolu;Carrefour SA
rum;;SATI;Aybar;;;SABRI;Genc;;;;Burdur;Kipa
fish sauce;;YASIN;Sumer;;;KENAN;Okay;;;;Bursa;Uyum
sazon;;RASIT;Ilgaz;;;RECEP;Bal;;;;Canakkale;Happy Center
hash browns;;OZGUR;Akar;;;RESAT;Bilgili;;;;Cankiri;Makrocenter
panko bread crumbs;;GAZI;Yanki;;;VEYSI;Kubat;;;;Corum;Bim
canola oil;;FIKRET;Akinci;;;SEFIK;Ecevit;;;;Denizli;A101
veal;;NIHAT;Onan;;;METIN;Inan;;;;Diyarbakir;Diasa
brunoise;;CETIN;Erdal;;;TEVFIK;Bayindir;;;;Edirne;Migros
alligator;;ZEYNAL;Ayranci;;;UGUR;Sarper;;;;Elazig;Hakmar
tarragon;;MESUT;Hamdi;;;HIKMET;Tunc;;;;Erzincan;Carrefour SA
chestnuts;;DILEK;Babaoglu;;;ATA;Sezgin;;;;Erzurum;Kipa
rice;;SALIM;Uzun;;;HAKAN;Turgut;;;;Eskisehir;Uyum
parsnips;;ZAHIR;Guvenc;;;FEHMI;Kas;;;;Gaziantep;Happy Center
Irish cream liqueur;;MEHDI;Sayin;;;SAHIN;Asik;;;;Giresun;Makrocenter
pumpkins;;EROL;Dogancay;;;BETUL;Yumlu;;;;Gumushane;Bim
cream cheese;;ASIM;Sasmaz;;;DURAN;Ozcan;;;;Hakkari;A101
garlic powder;;ALPER;Kiraz;;;SINAN;Kocyigit;;;;Hatay;Diasa
corn flour;;HALUK;Yavas;;;LUTFI;Yildiz;;;;Isparta;Migros
spaghetti squash;;HIDIR;Altin;;;LATIF;Dagtekin;;;;Mersin;Hakmar
chicory;;KASIM;Kaldirim;;;HANIM;Gollu;;;;Istanbul;Carrefour SA
peas;;FEVZI;Koc;;;SIRAC;Ayhan;;;;Izmir;Kipa
rice wine;;TURKAN;Pocan;;;EMINE;Levni;;;;Kars;Uyum
olives;;AYNI;Asena;;;HATUN;Celal;;;;Kastamonu;Happy Center
soy sauce;;ZELIHA;Zaim;;;BAKI;Ekren;;;;Kayseri;Makrocenter
