Name;Surname
MEHMET;Kubilay
ALI;Guler
HALIL;Kimyacioglu
IBRAHIM;Aksu
EMIN;Kurtulus
HASAN;Ozturk
HUSEYIN;Enver
RIZA;Cicek
OSMAN;Izzet
IHSAN;Akarsu
SALIH;Ozcelik
OMER;Sancar
FARUK;Dogu
ISMAIL;Batur
HAKKI;Mumcu
MUSTAFA;Unsal
KEMAL;Colak
NURI;Oz
YUNUS;Gursel
EMRE;Kocer
SAIT;Neyzi
AYSE;Toraman
GUL;Pamuk
ZEKI;Yasar
AKIF;Albayrak
SIRIN;Ceren
FATIH;Eser
DURMUS;Gokcen
SERIF;Ak
HACI;Nalband
SELIM;Behcet
BAYRAM;Uzumcu
CAN;Keles
HAYDAR;Togay
DURSUN;Akkoyun
AHMET;Fisek
SIDDIK;Bayraktar
HANIFI;Aktuna
BASRI;Karakus
YUSUF;Kobal
ZIYA;Akgun
FATMA;Atalar
SEYIT;Erkoc
NUR;Yasin
MUHAMMET;Elmas
EMIR;Kaya
TURAN;Yigit
DUDU;Ataman
ZEHRA;Yalman
EKBER;Yuce
SAH;Torun
YASAR;Toner
ZEYNEL;Can
ABIDIN;Simsek
FUAT;Firat
NAMIK;Erbil
TAHIR;Gul
MURAT;Onaral
UMMU;Sirin
GULSUM;Atalay
SUKRU;Hussein
YAVUZ;Bozdag
HAMDI;Aydogdu
AVNI;Gucer
RESIT;Keser
SAKIR;Tarcan
TAHSIN;Nur
CUMA;Karabulut
SADIK;Yavuz
MEMET;Ozdemir
MUHAMMED;Ozmen
ARIF;Sokullu
BESIR;Selte
DURDU;Gundogdu
NEZIR;Ilkin
ETHEM;Gumus
HATICE;Demir
KUBRA;Demirbas
SABRI;Sunter
KENAN;Volkan
RECEP;Genc
RESAT;Okay
VEYSI;Bal
SEFIK;Bilgili
METIN;Kubat
TEVFIK;Ecevit
UGUR;Inan
HIKMET;Bayindir
ATA;Sarper
HAKAN;Tunc
FEHMI;Sezgin
SAHIN;Turgut
BETUL;Kas
DURAN;Asik
SINAN;Yumlu
LUTFI;Ozcan
LATIF;Kocyigit
HANIM;Yildiz
SIRAC;Dagtekin
EMINE;Gollu
HATUN;Ayhan
BAKI;Levni
CEMAL;Celal
CEMIL;Ekren
CAHIT;Emre
HALIT;Zorlu
HAYRI;Basaran
MAHMUT;Cavus
NEDIM;Dinc
MUSA;Aktug
KAZIM;Dereli
BEKIR;Sabri
HARUN;Gulden
ETEM;Budak
SIDIK;Akyildiz
SEYDI;Sokmen
GALIP;Kuru
NACI;Yavuz
HADI;Bora
KAMIL;Iscan
BULENT;Samdereli
SERDAR;Sedef
CENGIZ;Yavuz
SAMI;Uygun
HANEFI;Sanli
HILMI;Namli
BURAK;Serif
HUSNU;Avni
SITKI;Ucuncu
GOKHAN;Ayik
CELAL;Ekinci
IZZETTIN;Ozbilgin
SULEYMAN;Inci
SIRRI;Uzunlar
ASKER;Asani
ONUR;Uyanik
UMIT;Murat
YILMAZ;Bilici
AYDIN;Karaduman
SEMA;Ayvaz
ORHAN;Dink
SIH;Ozal
YAHYA;Yagci
MASUM;Erim
NECATI;Balci
KADRI;Tekeli
IMAM;Abaci
ABDUL;Guney
KADIR;Bereket
REFIK;Koca
NESIM;Gunay
SERKAN;Nalci
ULVI;Kutlu
DEMIR;Oncel
RESUL;Armagan
CEM;Incesu
HAVVA;Halefoglu
CAFER;Tuncer
TAYYAR;Ulas
OGUZ;Duman
LEVENT;Cevahir
VEYSEL;Turkmen
KARANI;Karan
SENA;Karakas
SELCUK;Guven
ESE;Korkut
REMZI;Öztürk
SEDAT;Kucuk
ZAFER;Ozek
NURULLAH;Koprulu
VELI;Kahveci
FAIK;Peker
FAHRI;Baser
ERKAN;Akin
DOGAN;Apak
VAKKAS;Koz
SATI;Aybar
YASIN;Sumer
RASIT;Ilgaz
OZGUR;Akar
GAZI;Yanki
FIKRET;Akinci
NIHAT;Onan
CETIN;Erdal
ZEYNAL;Ayranci
MESUT;Hamdi
DILEK;Babaoglu
SALIM;Uzun
ZAHIR;Guvenc
MEHDI;Sayin
EROL;Dogancay
ASIM;Sasmaz
ALPER;Kiraz
HALUK;Yavas
HIDIR;Altin
KASIM;Kaldirim
FEVZI;Koc
TURKAN;Pocan
AYNI;Asena
ZELIHA;Zaim
FERIT;Gulek
IRFAN;Eyuboglu
ELIF;Soysal
MAHSUM;Baba
FETHI;Birkan
HULUSI;Gungor
ESREF;Akbay
BARIS;Evren
ESRA;Agca
LUTFU;Oktem
CEVAT;Tosun
ILHAN;Kahya
EYUP;Yalaz
TURGUT;Dogan
ADIL;Bahadir
ENGIN;Adivar
KADIN;Burcak
ERHAN;Remzi
BAHATTIN;Deniz
NECIP;Diyadin
SAFI;Adin
ADNAN;Basturk
MENDERES;Acar
ZAHIT;Akyuz
NIYAZI;Eksi
ILKER;Berk
OZLEM;Akman
GARIP;Yalcinkaya
MERVE;Yildirim
SUAT;Aygun
ERCAN;Karakoc
FILIZ;Akbulut
NUH;Almaz
KAYA;Bilgin
CIHAN;Menderes
CUNEYT;Seker
OMERUL;Erden
ERDAL;Kocak
AYHAN;Bilgi
SEVIM;Talay
AZIZ;Erdem
YALCIN;Cagatay
HULYA;Kent
ISA;Binay
ZULFU;Kinali
RASIM;Kilicli
CEVDET;Toprak
ATILLA;Ozkan
SEMIH;Ermis
HALIS;Unal
PASA;Akdari
RIFAT;Ozsoy
MINE;Koyuncu
ZULFI;Balcan
NASIR;Eris
NURETTIN;Ozbek
SEVKET;Benli
TARIK;Cubukcu
TOLGA;Aras
NILGUN;Ozgur
EKREM;Aksoy
VOLKAN;Gokmen
EYYUP;Ceylan
SABAN;Dursun
RAMAZAN;Ertegun
OKTAY;Gozubuyuk
DENIZ;Onal
FIRAT;Adem
ERDEM;Erol
VEHBI;Ekin
SANI;Sonmez
ARAP;Yilmaz
PINAR;Solak
NECAT;Adanir
MERAL;Pasa
HAN;Tansel
ABBAS;Selcuk
BAHADIR;Terzi
NAZIF;Bayramoglu
VEFA;Ozbilen
MITHAT;Muhtar
GULER;Ciftci
MUNIR;Yazar
ABDULLAH;Ertugrul
ERSIN;Erem
SERHAT;Ataseven
UFUK;Sporel
SEFA;Hanim
MELIH;Calis
RAHMI;Eroglu
MIHDI;Aslan
EMEL;Kurtar
SAIM;Kilic
SULE;Mencik
YUKSEL;Akkaya
TUNGA;Ozgen
NIHAL;Tozlu
VEDAT;Erdogan
SULTAN;Sisli
SEVKI;Baybasin
GURSEL;Karaman
BURHAN;Ugurlu
FIKRI;Akkilic
EMRAH;Tekin
SAVAS;Guclu
EDIP;Karatay
TULAY;Atay
SERAP;Turan
BATTAL;Korkmaz
MIRZE;Ocak
SERPIL;Sunay
MUHTAR;Kurt
SIDIKA;Egemen
BANU;Buker
SIBEL;Abay
KAAN;Bardakci
NURAN;Topbas
ZEYNEP;Tanyu
SEMRA;Sari
NESRIN;Sarica
HAVA;Bayrak
SADI;Kaan
BAKIR;Akyol
TANER;Sensoy
FADIL;Bugra
ONDER;Ates
ESAT;Denktas
NESIH;Mujde
GONUL;Balbay
CANAN;Tandogan
NAZMI;Yener
MUZAFFER;Mehmed
ECEVIT;Heper
YUCEL;Aydan
DEDE;Batuk
HALIM;Yucel
GONCA;Orbay
NAZIM;Togan
SUKRAN;Suleymanoglu
RUSTU;Akdag
TUGBA;Karadere
ADEM;Yildizeli
MERT;Aydogan
SONER;Karaca
DERVIS;Saban
COSKUN;Aydogan
SEYH;Akalin
RACI;Bayar
OZAN;Onarici
EREN;Safak
UNAL;Altintop
KURSAT;Deliktas
NEVZAT;Altun
GULAY;Senturk
RAUF;Alabora
NADIR;Gokce
SAID;Karakaya
SEDA;Ulusoy
SERIFE;Sen
CIGDEM;Ozen
TAHA;Taner
NECLA;Sener
CELALETTIN;Dal
CIHAT;Ayda
RUHI;Vural
FETI;Hayrettin
TAMER;Demirel
SELMA;Kavak
RIDVAN;Tuzun
YASEMIN;Kocaman
ZAKIR;Gun
CAGRI;Kizil
EBRU;Saka
UMUT;Aykac
MUHSIN;Baykal
ZUHAL;Celik
GULSEN;Bolat
YILDIZ;Buldan
NECDET;Arman
BARBAROS;Kut
HAYRETTIN;Caner
METE;Turker
AYTEN;Usta
FATIME;Keskin
ERDOGAN;Meric
TUBA;Dervis
TAYLAN;Buyuk
HASIM;Cihan
HAMZA;Kirdar
ERGUN;Bilge
MAHIR;Topal
IKBAL;Inonu
EBUBEKIR;Aytac
OKAN;Turk
FUSUN;Erentoz
NERMIN;Turkoglu
RAGIP;Yakut
TURGAY;Olmez
SIDDIKA;Durak
OZKAN;Saglam
TEKIN;Karasu
ERTUGRUL;Dincer
HAMIT;Tuncel
MELEK;Niazi
NURTEN;Sofuoglu
AYSEL;Karatas
TULIN;Ozbey
SEVGI;Bolukbasi
IMRAN;Zarakolu
NEVIN;Tarhan
INCI;Ekici
GULI;Akpinar
FIGEN;Sancakli
OZCAN;Renda
NURAY;Kemal
SEYMA;Onder
BILAL;Tuna
BURCU;Oguz
ANA;Yagmur
AYKUT;Engin
SUPHI;Usak
IZZET;Avci
KORAY;Taylan
ASLAN;Kashani
TUGRUL;Aydin
HABES;Gunaydin
TAYFUN;Sahin
SEREF;Ertug
ENVER;Abdil
FAHRETTIN;Turkay
FESIH;Dilmen
HUMEYRA;Gulpinar
KAGAN;Sarigul
TUNCAY;Bulut
AKIN;Kizilkaya
ALP;Denkel
NEJAT;Sezer
SABIT;Tas
CANER;Yetis
SELAHATTIN;Kaymak
ARZU;Sahan
TOPEL;Gursu
SAMET;Saltik
LEYLA;Yerlikaya
ENES;Tiryaki
ARSLAN;Onut
HANDAN;Kekilli
KUCUK;Doruk
KEREM;Zeybek
MASUK;Coban
VAHIT;Calik
ISMET;Yuksel
KERIM;Mustafa
EBU;Dikmen
SUHEYLA;Aktas
OYA;Erdemir
FUNDA;Hacioglu
EDA;Kaba
ANIL;Altan
AYNUR;Uslu
ESMA;Zaimoglu
FAZIL;Sengul
TALAT;Karadeniz
MALIK;Terzioglu
EJDER;Polat
FERHAT;Uner
YAKUP;Inal
SEVINC;Akkoz
MUSLUM;Kaptan
DERYA;Akdemir
GULTEN;Ozkok
PERIHAN;Kivanc
AYLA;Nadir
TURHAN;Birol
ZULKUF;Metin
FADIME;Basak
SELAMI;Kunter
RAIF;Dalman
EVREN;Yesil
YESIM;Karagoz
ERTAN;Tahir
SERVET;Tufan
NAIM;Alkan
NAIL;Dede
HATIP;Yesilnil
BUSRA;Buruk
SAN;Sarp
HILAL;Cetinkaya
CUMHUR;Demirkol
CAGLAR;Topcu
NURDAN;Ergun
SEVIL;Turkan
ALIYE;Sarikaya
NESE;Saylan
ENIS;Ece
RECAI;Cagri
FEYZI;Kayyali
BIRSEN;Hasim
OZGE;Ciller
NAKI;Nazmi
