MEHMET;Kubilay
ALI;Guler
HALIL;Kimyacioglu
IBRAHIM;Aksu
EMIN;Kurtulus
HASAN;Ozturk
HUSEYIN;Enver
RIZA;Cicek
OSMAN;Izzet
IHSAN;Akarsu
SALIH;Ozcelik
OMER;Sancar
FARUK;Dogu
ISMAIL;Batur
HAKKI;Mumcu
MUSTAFA;Unsal
KEMAL;Colak
NURI;Oz
YUNUS;Gursel
EMRE;Kocer
SAIT;Neyzi
AYSE;Toraman
GUL;Pamuk
ZEKI;Yasar
AKIF;Albayrak
SIRIN;Ceren
FATIH;Eser
DURMUS;Gokcen
SERIF;Ak
HACI;Nalband
SELIM;Behcet
BAYRAM;Uzumcu
CAN;Keles
HAYDAR;Togay
DURSUN;Akkoyun
AHMET;Fisek
SIDDIK;Bayraktar
HANIFI;Aktuna
BASRI;Karakus
YUSUF;Kobal
ZIYA;Akgun
FATMA;Atalar
SEYIT;Erkoc
NUR;Yasin
MUHAMMET;Elmas
EMIR;Kaya
TURAN;Yigit
DUDU;Ataman
ZEHRA;Yalman
EKBER;Yuce
SAH;Torun
YASAR;Toner
ZEYNEL;Can
ABIDIN;Simsek
FUAT;Firat
NAMIK;Erbil
TAHIR;Gul
MURAT;Onaral
UMMU;Sirin
GULSUM;Atalay
SUKRU;Hussein
YAVUZ;Bozdag
HAMDI;Aydogdu
AVNI;Gucer
RESIT;Keser
SAKIR;Tarcan
TAHSIN;Nur
CUMA;Karabulut
SADIK;Yavuz
MEMET;Ozdemir
MUHAMMED;Ozmen
ARIF;Sokullu
BESIR;Selte
DURDU;Gundogdu
NEZIR;Ilkin
ETHEM;Gumus
HATICE;Demir
KUBRA;Demirbas
SABRI;Sunter
KENAN;Volkan
RECEP;Genc
RESAT;Okay
VEYSI;Bal
SEFIK;Bilgili
METIN;Kubat
TEVFIK;Ecevit
UGUR;Inan
HIKMET;Bayindir
ATA;Sarper
HAKAN;Tunc
FEHMI;Sezgin
SAHIN;Turgut
BETUL;Kas
DURAN;Asik
SINAN;Yumlu
LUTFI;Ozcan
LATIF;Kocyigit
HANIM;Yildiz
SIRAC;Dagtekin
EMINE;Gollu
HATUN;Ayhan
BAKI;Levni
CEMAL;Celal
CEMIL;Ekren
CAHIT;Emre
HALIT;Zorlu
HAYRI;Basaran
MAHMUT;Cavus
NEDIM;Dinc
MUSA;Aktug
KAZIM;Dereli
BEKIR;Sabri
HARUN;Gulden
ETEM;Budak
SIDIK;Akyildiz
SEYDI;Sokmen
GALIP;Kuru
NACI;Yavuz
HADI;Bora
KAMIL;Iscan
BULENT;Samdereli
SERDAR;Sedef
CENGIZ;Yavuz
SAMI;Uygun
HANEFI;Sanli
HILMI;Namli
BURAK;Serif
HUSNU;Avni
SITKI;Ucuncu
GOKHAN;Ayik
CELAL;Ekinci
IZZETTIN;Ozbilgin
SULEYMAN;Inci
SIRRI;Uzunlar
ASKER;Asani
ONUR;Uyanik
UMIT;Murat
YILMAZ;Bilici
AYDIN;Karaduman
SEMA;Ayvaz
ORHAN;Dink
SIH;Ozal
YAHYA;Yagci
MASUM;Erim
NECATI;Balci
KADRI;Tekeli
IMAM;Abaci
ABDUL;Guney
KADIR;Bereket
REFIK;Koca
NESIM;Gunay
SERKAN;Nalci
ULVI;Kutlu
DEMIR;Oncel
RESUL;Armagan
CEM;Incesu
HAVVA;Halefoglu
CAFER;Tuncer
TAYYAR;Ulas
OGUZ;Duman
LEVENT;Cevahir
VEYSEL;Turkmen
KARANI;Karan
SENA;Karakas
SELCUK;Guven
ESE;Korkut
REMZI;Öztürk
SEDAT;Kucuk
ZAFER;Ozek
NURULLAH;Koprulu
VELI;Kahveci
FAIK;Peker
FAHRI;Baser
ERKAN;Akin
DOGAN;Apak
VAKKAS;Koz
SATI;Aybar
YASIN;Sumer
RASIT;Ilgaz
OZGUR;Akar
GAZI;Yanki
FIKRET;Akinci
NIHAT;Onan
CETIN;Erdal
ZEYNAL;Ayranci
MESUT;Hamdi
DILEK;Babaoglu
SALIM;Uzun
ZAHIR;Guvenc
MEHDI;Sayin
EROL;Dogancay
ASIM;Sasmaz
ALPER;Kiraz
HALUK;Yavas
HIDIR;Altin
KASIM;Kaldirim
FEVZI;Koc
TURKAN;Pocan
AYNI;Asena
ZELIHA;Zaim
FERIT;Gulek
IRFAN;Eyuboglu
ELIF;Soysal
MAHSUM;Baba
FETHI;Birkan
HULUSI;Gungor
ESREF;Akbay
BARIS;Evren
ESRA;Agca
LUTFU;Oktem
CEVAT;Tosun
ILHAN;Kahya
EYUP;Yalaz
TURGUT;Dogan
ADIL;Bahadir
ENGIN;Adivar
KADIN;Burcak
ERHAN;Remzi
BAHATTIN;Deniz
NECIP;Diyadin
SAFI;Adin
ADNAN;Basturk
MENDERES;Acar
ZAHIT;Akyuz
NIYAZI;Eksi
ILKER;Berk
OZLEM;Akman
GARIP;Yalcinkaya
MERVE;Yildirim
SUAT;Aygun
ERCAN;Karakoc
FILIZ;Akbulut
NUH;Almaz
KAYA;Bilgin
CIHAN;Menderes
CUNEYT;Seker
OMERUL;Erden
ERDAL;Kocak
AYHAN;Bilgi
SEVIM;Talay
AZIZ;Erdem
YALCIN;Cagatay
HULYA;Kent
ISA;Binay
ZULFU;Kinali
RASIM;Kilicli
CEVDET;Toprak
ATILLA;Ozkan
SEMIH;Ermis
HALIS;Unal
PASA;Akdari
RIFAT;Ozsoy
MINE;Koyuncu
ZULFI;Balcan
NASIR;Eris
NURETTIN;Ozbek
SEVKET;Benli
TARIK;Cubukcu
TOLGA;Aras
NILGUN;Ozgur
EKREM;Aksoy
VOLKAN;Gokmen
EYYUP;Ceylan
SABAN;Dursun
RAMAZAN;Ertegun
OKTAY;Gozubuyuk
DENIZ;Onal
FIRAT;Adem
ERDEM;Erol
VEHBI;Ekin
SANI;Sonmez
ARAP;Yilmaz
PINAR;Solak
NECAT;Adanir
MERAL;Pasa
HAN;Tansel
ABBAS;Selcuk
BAHADIR;Terzi
NAZIF;Bayramoglu
VEFA;Ozbilen
MITHAT;Muhtar
GULER;Ciftci
MUNIR;Yazar
ABDULLAH;Ertugrul
ERSIN;Erem
SERHAT;Ataseven
UFUK;Sporel
SEFA;Hanim
MELIH;Calis
RAHMI;Eroglu
MIHDI;Aslan
EMEL;Kurtar
SAIM;Kilic
SULE;Mencik
YUKSEL;Akkaya
TUNGA;Ozgen
NIHAL;Tozlu
VEDAT;Erdogan
SULTAN;Sisli
SEVKI;Baybasin
GURSEL;Karaman
BURHAN;Ugurlu
FIKRI;Akkilic
EMRAH;Tekin
SAVAS;Guclu
EDIP;Karatay
TULAY;Atay
SERAP;Turan
BATTAL;Korkmaz
MIRZE;Ocak
SERPIL;Sunay
MUHTAR;Kurt
SIDIKA;Egemen
BANU;Buker
SIBEL;Abay
KAAN;Bardakci
NURAN;Topbas
ZEYNEP;Tanyu
SEMRA;Sari
NESRIN;Sarica
HAVA;Bayrak
SADI;Kaan
BAKIR;Akyol
TANER;Sensoy
FADIL;Bugra
ONDER;Ates
ESAT;Denktas
NESIH;Mujde
GONUL;Balbay
CANAN;Tandogan
NAZMI;Yener
MUZAFFER;Mehmed
ECEVIT;Heper
YUCEL;Aydan
DEDE;Batuk
HALIM;Yucel
GONCA;Orbay
NAZIM;Togan
SUKRAN;Suleymanoglu
RUSTU;Akdag
TUGBA;Karadere
ADEM;Yildizeli
MERT;Aydogan
SONER;Karaca
DERVIS;Saban
COSKUN;Aydogan
SEYH;Akalin
RACI;Bayar
OZAN;Onarici
EREN;Safak
UNAL;Altintop
KURSAT;Deliktas
NEVZAT;Altun
GULAY;Senturk
RAUF;Alabora
NADIR;Gokce
SAID;Karakaya
SEDA;Ulusoy
SERIFE;Sen
CIGDEM;Ozen
TAHA;Taner
NECLA;Sener
CELALETTIN;Dal
CIHAT;Ayda
RUHI;Vural
FETI;Hayrettin
TAMER;Demirel
SELMA;Kavak
RIDVAN;Tuzun
YASEMIN;Kocaman
ZAKIR;Gun
CAGRI;Kizil
EBRU;Saka
UMUT;Aykac
MUHSIN;Baykal
ZUHAL;Celik
GULSEN;Bolat
YILDIZ;Buldan
NECDET;Arman
BARBAROS;Kut
HAYRETTIN;Caner
METE;Turker
AYTEN;Usta
FATIME;Keskin
ERDOGAN;Meric
TUBA;Dervis
TAYLAN;Buyuk
HASIM;Cihan
HAMZA;Kirdar
ERGUN;Bilge
MAHIR;Topal
IKBAL;Inonu
EBUBEKIR;Aytac
OKAN;Turk
FUSUN;Erentoz
NERMIN;Turkoglu
RAGIP;Yakut
TURGAY;Olmez
SIDDIKA;Durak
OZKAN;Saglam
TEKIN;Karasu
ERTUGRUL;Dincer
HAMIT;Tuncel
MELEK;Niazi
NURTEN;Sofuoglu
AYSEL;Karatas
TULIN;Ozbey
SEVGI;Bolukbasi
IMRAN;Zarakolu
NEVIN;Tarhan
INCI;Ekici
GULI;Akpinar
FIGEN;Sancakli
OZCAN;Renda
NURAY;Kemal
SEYMA;Onder
BILAL;Tuna
BURCU;Oguz
ANA;Yagmur
AYKUT;Engin
SUPHI;Usak
IZZET;Avci
KORAY;Taylan
ASLAN;Kashani
TUGRUL;Aydin
HABES;Gunaydin
TAYFUN;Sahin
SEREF;Ertug
ENVER;Abdil
FAHRETTIN;Turkay
FESIH;Dilmen
HUMEYRA;Gulpinar
KAGAN;Sarigul
TUNCAY;Bulut
AKIN;Kizilkaya
ALP;Denkel
NEJAT;Sezer
SABIT;Tas
CANER;Yetis
SELAHATTIN;Kaymak
ARZU;Sahan
TOPEL;Gursu
SAMET;Saltik
LEYLA;Yerlikaya
ENES;Tiryaki
ARSLAN;Onut
HANDAN;Kekilli
KUCUK;Doruk
KEREM;Zeybek
MASUK;Coban
VAHIT;Calik
ISMET;Yuksel
KERIM;Mustafa
EBU;Dikmen
SUHEYLA;Aktas
OYA;Erdemir
FUNDA;Hacioglu
EDA;Kaba
ANIL;Altan
AYNUR;Uslu
ESMA;Zaimoglu
FAZIL;Sengul
TALAT;Karadeniz
MALIK;Terzioglu
EJDER;Polat
FERHAT;Uner
YAKUP;Inal
SEVINC;Akkoz
MUSLUM;Kaptan
DERYA;Akdemir
GULTEN;Ozkok
PERIHAN;Kivanc
AYLA;Nadir
TURHAN;Birol
ZULKUF;Metin
FADIME;Basak
SELAMI;Kunter
RAIF;Dalman
EVREN;Yesil
YESIM;Karagoz
ERTAN;Tahir
SERVET;Tufan
NAIM;Alkan
NAIL;Dede
HATIP;Yesilnil
BUSRA;Buruk
SAN;Sarp
HILAL;Cetinkaya
CUMHUR;Demirkol
CAGLAR;Topcu
NURDAN;Ergun
SEVIL;Turkan
ALIYE;Sarikaya
NESE;Saylan
ENIS;Ece
RECAI;Cagri
FEYZI;Kayyali
BIRSEN;Hasim
OZGE;Ciller
NAKI;Nazmi
MEHMET;Guler
ALI;Kimyacioglu
HALIL;Aksu
IBRAHIM;Kurtulus
EMIN;Ozturk
HASAN;Enver
HUSEYIN;Cicek
RIZA;Izzet
OSMAN;Akarsu
IHSAN;Ozcelik
SALIH;Sancar
OMER;Dogu
FARUK;Batur
ISMAIL;Mumcu
HAKKI;Unsal
MUSTAFA;Colak
KEMAL;Oz
NURI;Gursel
YUNUS;Kocer
EMRE;Neyzi
SAIT;Toraman
AYSE;Pamuk
GUL;Yasar
ZEKI;Albayrak
AKIF;Ceren
SIRIN;Eser
FATIH;Gokcen
DURMUS;Ak
SERIF;Nalband
HACI;Behcet
SELIM;Uzumcu
BAYRAM;Keles
CAN;Togay
HAYDAR;Akkoyun
DURSUN;Fisek
AHMET;Bayraktar
SIDDIK;Aktuna
HANIFI;Karakus
BASRI;Kobal
YUSUF;Akgun
ZIYA;Atalar
FATMA;Erkoc
SEYIT;Yasin
NUR;Elmas
MUHAMMET;Kaya
EMIR;Yigit
TURAN;Ataman
DUDU;Yalman
ZEHRA;Yuce
EKBER;Torun
SAH;Toner
YASAR;Can
ZEYNEL;Simsek
ABIDIN;Firat
FUAT;Erbil
NAMIK;Gul
TAHIR;Onaral
MURAT;Sirin
UMMU;Atalay
GULSUM;Hussein
SUKRU;Bozdag
YAVUZ;Aydogdu
HAMDI;Gucer
AVNI;Keser
RESIT;Tarcan
SAKIR;Nur
TAHSIN;Karabulut
CUMA;Yavuz
SADIK;Ozdemir
MEMET;Ozmen
MUHAMMED;Sokullu
ARIF;Selte
BESIR;Gundogdu
DURDU;Ilkin
NEZIR;Gumus
ETHEM;Demir
HATICE;Demirbas
KUBRA;Sunter
SABRI;Volkan
KENAN;Genc
RECEP;Okay
RESAT;Bal
VEYSI;Bilgili
SEFIK;Kubat
METIN;Ecevit
TEVFIK;Inan
UGUR;Bayindir
HIKMET;Sarper
ATA;Tunc
HAKAN;Sezgin
FEHMI;Turgut
SAHIN;Kas
BETUL;Asik
DURAN;Yumlu
SINAN;Ozcan
LUTFI;Kocyigit
LATIF;Yildiz
HANIM;Dagtekin
SIRAC;Gollu
EMINE;Ayhan
HATUN;Levni
BAKI;Celal
CEMAL;Ekren
CEMIL;Emre
CAHIT;Zorlu
HALIT;Basaran
HAYRI;Cavus
MAHMUT;Dinc
NEDIM;Aktug
MUSA;Dereli
KAZIM;Sabri
BEKIR;Gulden
HARUN;Budak
ETEM;Akyildiz
SIDIK;Sokmen
SEYDI;Kuru
GALIP;Yavuz
NACI;Bora
HADI;Iscan
KAMIL;Samdereli
BULENT;Sedef
SERDAR;Yavuz
CENGIZ;Uygun
SAMI;Sanli
HANEFI;Namli
HILMI;Serif
BURAK;Avni
HUSNU;Ucuncu
SITKI;Ayik
GOKHAN;Ekinci
CELAL;Ozbilgin
IZZETTIN;Inci
SULEYMAN;Uzunlar
SIRRI;Asani
ASKER;Uyanik
ONUR;Murat
UMIT;Bilici
YILMAZ;Karaduman
AYDIN;Ayvaz
SEMA;Dink
ORHAN;Ozal
SIH;Yagci
YAHYA;Erim
MASUM;Balci
NECATI;Tekeli
KADRI;Abaci
IMAM;Guney
ABDUL;Bereket
KADIR;Koca
REFIK;Gunay
NESIM;Nalci
SERKAN;Kutlu
ULVI;Oncel
DEMIR;Armagan
RESUL;Incesu
CEM;Halefoglu
HAVVA;Tuncer
CAFER;Ulas
TAYYAR;Duman
OGUZ;Cevahir
LEVENT;Turkmen
VEYSEL;Karan
KARANI;Karakas
SENA;Guven
SELCUK;Korkut
ESE;Öztürk
REMZI;Kucuk
SEDAT;Ozek
ZAFER;Koprulu
NURULLAH;Kahveci
VELI;Peker
FAIK;Baser
FAHRI;Akin
ERKAN;Apak
DOGAN;Koz
VAKKAS;Aybar
SATI;Sumer
YASIN;Ilgaz
RASIT;Akar
OZGUR;Yanki
GAZI;Akinci
FIKRET;Onan
NIHAT;Erdal
CETIN;Ayranci
ZEYNAL;Hamdi
MESUT;Babaoglu
DILEK;Uzun
SALIM;Guvenc
ZAHIR;Sayin
MEHDI;Dogancay
EROL;Sasmaz
ASIM;Kiraz
ALPER;Yavas
HALUK;Altin
HIDIR;Kaldirim
KASIM;Koc
FEVZI;Pocan
TURKAN;Asena
AYNI;Zaim
ZELIHA;Gulek
FERIT;Eyuboglu
IRFAN;Soysal
ELIF;Baba
MAHSUM;Birkan
FETHI;Gungor
HULUSI;Akbay
ESREF;Evren
BARIS;Agca
ESRA;Oktem
LUTFU;Tosun
CEVAT;Kahya
ILHAN;Yalaz
EYUP;Dogan
TURGUT;Bahadir
ADIL;Adivar
ENGIN;Burcak
KADIN;Remzi
ERHAN;Deniz
BAHATTIN;Diyadin
NECIP;Adin
SAFI;Basturk
ADNAN;Acar
MENDERES;Akyuz
ZAHIT;Eksi
NIYAZI;Berk
ILKER;Akman
OZLEM;Yalcinkaya
GARIP;Yildirim
MERVE;Aygun
SUAT;Karakoc
ERCAN;Akbulut
FILIZ;Almaz
NUH;Bilgin
KAYA;Menderes
CIHAN;Seker
CUNEYT;Erden
OMERUL;Kocak
ERDAL;Bilgi
AYHAN;Talay
SEVIM;Erdem
AZIZ;Cagatay
YALCIN;Kent
HULYA;Binay
ISA;Kinali
ZULFU;Kilicli
RASIM;Toprak
CEVDET;Ozkan
ATILLA;Ermis
SEMIH;Unal
HALIS;Akdari
PASA;Ozsoy
RIFAT;Koyuncu
MINE;Balcan
ZULFI;Eris
NASIR;Ozbek
NURETTIN;Benli
SEVKET;Cubukcu
TARIK;Aras
TOLGA;Ozgur
NILGUN;Aksoy
EKREM;Gokmen
VOLKAN;Ceylan
EYYUP;Dursun
SABAN;Ertegun
RAMAZAN;Gozubuyuk
OKTAY;Onal
DENIZ;Adem
FIRAT;Erol
ERDEM;Ekin
VEHBI;Sonmez
SANI;Yilmaz
ARAP;Solak
PINAR;Adanir
NECAT;Pasa
MERAL;Tansel
HAN;Selcuk
ABBAS;Terzi
BAHADIR;Bayramoglu
NAZIF;Ozbilen
VEFA;Muhtar
MITHAT;Ciftci
GULER;Yazar
MUNIR;Ertugrul
ABDULLAH;Erem
ERSIN;Ataseven
SERHAT;Sporel
UFUK;Hanim
SEFA;Calis
MELIH;Eroglu
RAHMI;Aslan
MIHDI;Kurtar
EMEL;Kilic
SAIM;Mencik
SULE;Akkaya
YUKSEL;Ozgen
TUNGA;Tozlu
NIHAL;Erdogan
VEDAT;Sisli
SULTAN;Baybasin
SEVKI;Karaman
GURSEL;Ugurlu
BURHAN;Akkilic
FIKRI;Tekin
EMRAH;Guclu
SAVAS;Karatay
EDIP;Atay
TULAY;Turan
SERAP;Korkmaz
BATTAL;Ocak
MIRZE;Sunay
SERPIL;Kurt
MUHTAR;Egemen
SIDIKA;Buker
BANU;Abay
SIBEL;Bardakci
KAAN;Topbas
NURAN;Tanyu
ZEYNEP;Sari
SEMRA;Sarica
NESRIN;Bayrak
HAVA;Kaan
SADI;Akyol
BAKIR;Sensoy
TANER;Bugra
FADIL;Ates
ONDER;Denktas
ESAT;Mujde
NESIH;Balbay
GONUL;Tandogan
CANAN;Yener
NAZMI;Mehmed
MUZAFFER;Heper
ECEVIT;Aydan
YUCEL;Batuk
DEDE;Yucel
HALIM;Orbay
GONCA;Togan
NAZIM;Suleymanoglu
SUKRAN;Akdag
RUSTU;Karadere
TUGBA;Yildizeli
ADEM;Aydogan
MERT;Karaca
SONER;Saban
DERVIS;Aydogan
COSKUN;Akalin
SEYH;Bayar
RACI;Onarici
OZAN;Safak
EREN;Altintop
UNAL;Deliktas
KURSAT;Altun
NEVZAT;Senturk
GULAY;Alabora
RAUF;Gokce
NADIR;Karakaya
SAID;Ulusoy
SEDA;Sen
SERIFE;Ozen
CIGDEM;Taner
TAHA;Sener
NECLA;Dal
CELALETTIN;Ayda
CIHAT;Vural
RUHI;Hayrettin
FETI;Demirel
TAMER;Kavak
SELMA;Tuzun
RIDVAN;Kocaman
YASEMIN;Gun
ZAKIR;Kizil
CAGRI;Saka
EBRU;Aykac
UMUT;Baykal
MUHSIN;Celik
ZUHAL;Bolat
GULSEN;Buldan
YILDIZ;Arman
NECDET;Kut
BARBAROS;Caner
HAYRETTIN;Turker
METE;Usta
AYTEN;Keskin
FATIME;Meric
ERDOGAN;Dervis
TUBA;Buyuk
TAYLAN;Cihan
HASIM;Kirdar
HAMZA;Bilge
ERGUN;Topal
MAHIR;Inonu
IKBAL;Aytac
EBUBEKIR;Turk
OKAN;Erentoz
FUSUN;Turkoglu
NERMIN;Yakut
RAGIP;Olmez
TURGAY;Durak
SIDDIKA;Saglam
OZKAN;Karasu
TEKIN;Dincer
ERTUGRUL;Tuncel
HAMIT;Niazi
MELEK;Sofuoglu
NURTEN;Karatas
AYSEL;Ozbey
TULIN;Bolukbasi
SEVGI;Zarakolu
IMRAN;Tarhan
NEVIN;Ekici
INCI;Akpinar
GULI;Sancakli
FIGEN;Renda
OZCAN;Kemal
NURAY;Onder
SEYMA;Tuna
BILAL;Oguz
BURCU;Yagmur
ANA;Engin
AYKUT;Usak
SUPHI;Avci
IZZET;Taylan
KORAY;Kashani
ASLAN;Aydin
TUGRUL;Gunaydin
HABES;Sahin
TAYFUN;Ertug
SEREF;Abdil
ENVER;Turkay
FAHRETTIN;Dilmen
FESIH;Gulpinar
HUMEYRA;Sarigul
KAGAN;Bulut
TUNCAY;Kizilkaya
AKIN;Denkel
ALP;Sezer
NEJAT;Tas
SABIT;Yetis
CANER;Kaymak
SELAHATTIN;Sahan
ARZU;Gursu
TOPEL;Saltik
SAMET;Yerlikaya
LEYLA;Tiryaki
ENES;Onut
ARSLAN;Kekilli
HANDAN;Doruk
KUCUK;Zeybek
KEREM;Coban
MASUK;Calik
VAHIT;Yuksel
ISMET;Mustafa
KERIM;Dikmen
EBU;Aktas
SUHEYLA;Erdemir
OYA;Hacioglu
FUNDA;Kaba
EDA;Altan
ANIL;Uslu
AYNUR;Zaimoglu
ESMA;Sengul
FAZIL;Karadeniz
TALAT;Terzioglu
MALIK;Polat
EJDER;Uner
FERHAT;Inal
YAKUP;Akkoz
SEVINC;Kaptan
MUSLUM;Akdemir
DERYA;Ozkok
GULTEN;Kivanc
PERIHAN;Nadir
AYLA;Birol
TURHAN;Metin
ZULKUF;Basak
FADIME;Kunter
SELAMI;Dalman
RAIF;Yesil
EVREN;Karagoz
YESIM;Tahir
ERTAN;Tufan
SERVET;Alkan
NAIM;Dede
NAIL;Yesilnil
HATIP;Buruk
BUSRA;Sarp
SAN;Cetinkaya
HILAL;Demirkol
CUMHUR;Topcu
CAGLAR;Ergun
NURDAN;Turkan
SEVIL;Sarikaya
ALIYE;Saylan
NESE;Ece
ENIS;Cagri
RECAI;Kayyali
FEYZI;Hasim
BIRSEN;Ciller
OZGE;Nazmi
NAKI;Kubilay
MEHMET;Kimyacioglu
ALI;Aksu
HALIL;Kurtulus
IBRAHIM;Ozturk
EMIN;Enver
HASAN;Cicek
HUSEYIN;Izzet
RIZA;Akarsu
OSMAN;Ozcelik
IHSAN;Sancar
SALIH;Dogu
OMER;Batur
FARUK;Mumcu
ISMAIL;Unsal
HAKKI;Colak
MUSTAFA;Oz
KEMAL;Gursel
NURI;Kocer
YUNUS;Neyzi
EMRE;Toraman
SAIT;Pamuk
AYSE;Yasar
GUL;Albayrak
ZEKI;Ceren
AKIF;Eser
SIRIN;Gokcen
FATIH;Ak
DURMUS;Nalband
SERIF;Behcet
HACI;Uzumcu
SELIM;Keles
BAYRAM;Togay
CAN;Akkoyun
HAYDAR;Fisek
DURSUN;Bayraktar
AHMET;Aktuna
SIDDIK;Karakus
HANIFI;Kobal
BASRI;Akgun
YUSUF;Atalar
ZIYA;Erkoc
FATMA;Yasin
SEYIT;Elmas
NUR;Kaya
MUHAMMET;Yigit
EMIR;Ataman
TURAN;Yalman
DUDU;Yuce
ZEHRA;Torun
EKBER;Toner
SAH;Can
YASAR;Simsek
ZEYNEL;Firat
ABIDIN;Erbil
FUAT;Gul
NAMIK;Onaral
TAHIR;Sirin
MURAT;Atalay
UMMU;Hussein
GULSUM;Bozdag
SUKRU;Aydogdu
YAVUZ;Gucer
HAMDI;Keser
AVNI;Tarcan
RESIT;Nur
SAKIR;Karabulut
TAHSIN;Yavuz
CUMA;Ozdemir
SADIK;Ozmen
MEMET;Sokullu
MUHAMMED;Selte
ARIF;Gundogdu
BESIR;Ilkin
DURDU;Gumus
NEZIR;Demir
ETHEM;Demirbas
HATICE;Sunter
KUBRA;Volkan
SABRI;Genc
KENAN;Okay
RECEP;Bal
RESAT;Bilgili
VEYSI;Kubat
SEFIK;Ecevit
METIN;Inan
TEVFIK;Bayindir
UGUR;Sarper
HIKMET;Tunc
ATA;Sezgin
HAKAN;Turgut
FEHMI;Kas
SAHIN;Asik
BETUL;Yumlu
DURAN;Ozcan
SINAN;Kocyigit
LUTFI;Yildiz
LATIF;Dagtekin
HANIM;Gollu
SIRAC;Ayhan
EMINE;Levni
HATUN;Celal
BAKI;Ekren
CEMAL;Emre
CEMIL;Zorlu
CAHIT;Basaran
HALIT;Cavus
HAYRI;Dinc
MAHMUT;Aktug
NEDIM;Dereli
MUSA;Sabri
KAZIM;Gulden
BEKIR;Budak
HARUN;Akyildiz
ETEM;Sokmen
SIDIK;Kuru
SEYDI;Yavuz
GALIP;Bora
NACI;Iscan
HADI;Samdereli
KAMIL;Sedef
BULENT;Yavuz
SERDAR;Uygun
CENGIZ;Sanli
SAMI;Namli
HANEFI;Serif
HILMI;Avni
BURAK;Ucuncu
HUSNU;Ayik
SITKI;Ekinci
GOKHAN;Ozbilgin
CELAL;Inci
IZZETTIN;Uzunlar
SULEYMAN;Asani
SIRRI;Uyanik
ASKER;Murat
ONUR;Bilici
UMIT;Karaduman
YILMAZ;Ayvaz
AYDIN;Dink
SEMA;Ozal
ORHAN;Yagci
SIH;Erim
YAHYA;Balci
MASUM;Tekeli
NECATI;Abaci
KADRI;Guney
IMAM;Bereket
ABDUL;Koca
KADIR;Gunay
REFIK;Nalci
NESIM;Kutlu
SERKAN;Oncel
ULVI;Armagan
DEMIR;Incesu
RESUL;Halefoglu
CEM;Tuncer
HAVVA;Ulas
CAFER;Duman
TAYYAR;Cevahir
OGUZ;Turkmen
LEVENT;Karan
VEYSEL;Karakas
KARANI;Guven
SENA;Korkut
SELCUK;Öztürk
ESE;Kucuk
REMZI;Ozek
SEDAT;Koprulu
ZAFER;Kahveci
NURULLAH;Peker
VELI;Baser
FAIK;Akin
FAHRI;Apak
ERKAN;Koz
DOGAN;Aybar
VAKKAS;Sumer
SATI;Ilgaz
YASIN;Akar
RASIT;Yanki
OZGUR;Akinci
GAZI;Onan
FIKRET;Erdal
NIHAT;Ayranci
CETIN;Hamdi
ZEYNAL;Babaoglu
MESUT;Uzun
DILEK;Guvenc
SALIM;Sayin
ZAHIR;Dogancay
MEHDI;Sasmaz
EROL;Kiraz
ASIM;Yavas
ALPER;Altin
HALUK;Kaldirim
HIDIR;Koc
KASIM;Pocan
FEVZI;Asena
TURKAN;Zaim
AYNI;Gulek
ZELIHA;Eyuboglu
FERIT;Soysal
IRFAN;Baba
ELIF;Birkan
MAHSUM;Gungor
FETHI;Akbay
HULUSI;Evren
ESREF;Agca
BARIS;Oktem
ESRA;Tosun
LUTFU;Kahya
CEVAT;Yalaz
ILHAN;Dogan
EYUP;Bahadir
TURGUT;Adivar
ADIL;Burcak
ENGIN;Remzi
KADIN;Deniz
ERHAN;Diyadin
BAHATTIN;Adin
NECIP;Basturk
SAFI;Acar
ADNAN;Akyuz
MENDERES;Eksi
ZAHIT;Berk
NIYAZI;Akman
ILKER;Yalcinkaya
OZLEM;Yildirim
GARIP;Aygun
MERVE;Karakoc
SUAT;Akbulut
ERCAN;Almaz
FILIZ;Bilgin
NUH;Menderes
KAYA;Seker
CIHAN;Erden
CUNEYT;Kocak
OMERUL;Bilgi
ERDAL;Talay
AYHAN;Erdem
SEVIM;Cagatay
AZIZ;Kent
YALCIN;Binay
HULYA;Kinali
ISA;Kilicli
ZULFU;Toprak
RASIM;Ozkan
CEVDET;Ermis
ATILLA;Unal
SEMIH;Akdari
HALIS;Ozsoy
PASA;Koyuncu
RIFAT;Balcan
MINE;Eris
ZULFI;Ozbek
NASIR;Benli
NURETTIN;Cubukcu
SEVKET;Aras
TARIK;Ozgur
TOLGA;Aksoy
NILGUN;Gokmen
EKREM;Ceylan
VOLKAN;Dursun
EYYUP;Ertegun
SABAN;Gozubuyuk
RAMAZAN;Onal
OKTAY;Adem
DENIZ;Erol
FIRAT;Ekin
ERDEM;Sonmez
VEHBI;Yilmaz
SANI;Solak
ARAP;Adanir
PINAR;Pasa
NECAT;Tansel
MERAL;Selcuk
HAN;Terzi
ABBAS;Bayramoglu
BAHADIR;Ozbilen
NAZIF;Muhtar
VEFA;Ciftci
MITHAT;Yazar
GULER;Ertugrul
MUNIR;Erem
ABDULLAH;Ataseven
ERSIN;Sporel
SERHAT;Hanim
UFUK;Calis
SEFA;Eroglu
MELIH;Aslan
RAHMI;Kurtar
MIHDI;Kilic
EMEL;Mencik
SAIM;Akkaya
SULE;Ozgen
YUKSEL;Tozlu
TUNGA;Erdogan
NIHAL;Sisli
VEDAT;Baybasin
SULTAN;Karaman
SEVKI;Ugurlu
GURSEL;Akkilic
BURHAN;Tekin
FIKRI;Guclu
EMRAH;Karatay
SAVAS;Atay
EDIP;Turan
TULAY;Korkmaz
SERAP;Ocak
BATTAL;Sunay
MIRZE;Kurt
SERPIL;Egemen
MUHTAR;Buker
SIDIKA;Abay
BANU;Bardakci
SIBEL;Topbas
KAAN;Tanyu
NURAN;Sari
ZEYNEP;Sarica
SEMRA;Bayrak
NESRIN;Kaan
HAVA;Akyol
SADI;Sensoy
BAKIR;Bugra
TANER;Ates
FADIL;Denktas
ONDER;Mujde
ESAT;Balbay
NESIH;Tandogan
GONUL;Yener
CANAN;Mehmed
NAZMI;Heper
MUZAFFER;Aydan
ECEVIT;Batuk
YUCEL;Yucel
DEDE;Orbay
HALIM;Togan
GONCA;Suleymanoglu
NAZIM;Akdag
SUKRAN;Karadere
RUSTU;Yildizeli
TUGBA;Aydogan
ADEM;Karaca
MERT;Saban
SONER;Aydogan
DERVIS;Akalin
COSKUN;Bayar
SEYH;Onarici
RACI;Safak
OZAN;Altintop
EREN;Deliktas
UNAL;Altun
KURSAT;Senturk
NEVZAT;Alabora
GULAY;Gokce
RAUF;Karakaya
NADIR;Ulusoy
SAID;Sen
SEDA;Ozen
SERIFE;Taner
CIGDEM;Sener
TAHA;Dal
NECLA;Ayda
CELALETTIN;Vural
CIHAT;Hayrettin
RUHI;Demirel
FETI;Kavak
TAMER;Tuzun
SELMA;Kocaman
RIDVAN;Gun
YASEMIN;Kizil
ZAKIR;Saka
CAGRI;Aykac
EBRU;Baykal
UMUT;Celik
MUHSIN;Bolat
ZUHAL;Buldan
GULSEN;Arman
YILDIZ;Kut
NECDET;Caner
BARBAROS;Turker
HAYRETTIN;Usta
METE;Keskin
AYTEN;Meric
FATIME;Dervis
ERDOGAN;Buyuk
TUBA;Cihan
TAYLAN;Kirdar
HASIM;Bilge
HAMZA;Topal
ERGUN;Inonu
MAHIR;Aytac
IKBAL;Turk
EBUBEKIR;Erentoz
OKAN;Turkoglu
FUSUN;Yakut
NERMIN;Olmez
RAGIP;Durak
TURGAY;Saglam
SIDDIKA;Karasu
OZKAN;Dincer
TEKIN;Tuncel
ERTUGRUL;Niazi
HAMIT;Sofuoglu
MELEK;Karatas
NURTEN;Ozbey
AYSEL;Bolukbasi
TULIN;Zarakolu
SEVGI;Tarhan
IMRAN;Ekici
NEVIN;Akpinar
INCI;Sancakli
GULI;Renda
FIGEN;Kemal
OZCAN;Onder
NURAY;Tuna
SEYMA;Oguz
BILAL;Yagmur
BURCU;Engin
ANA;Usak
AYKUT;Avci
SUPHI;Taylan
IZZET;Kashani
KORAY;Aydin
ASLAN;Gunaydin
TUGRUL;Sahin
HABES;Ertug
TAYFUN;Abdil
SEREF;Turkay
ENVER;Dilmen
FAHRETTIN;Gulpinar
FESIH;Sarigul
HUMEYRA;Bulut
KAGAN;Kizilkaya
TUNCAY;Denkel
AKIN;Sezer
ALP;Tas
NEJAT;Yetis
SABIT;Kaymak
CANER;Sahan
SELAHATTIN;Gursu
ARZU;Saltik
TOPEL;Yerlikaya
SAMET;Tiryaki
LEYLA;Onut
ENES;Kekilli
ARSLAN;Doruk
HANDAN;Zeybek
KUCUK;Coban
KEREM;Calik
MASUK;Yuksel
VAHIT;Mustafa
ISMET;Dikmen
KERIM;Aktas
EBU;Erdemir
SUHEYLA;Hacioglu
OYA;Kaba
FUNDA;Altan
EDA;Uslu
ANIL;Zaimoglu
AYNUR;Sengul
ESMA;Karadeniz
FAZIL;Terzioglu
TALAT;Polat
MALIK;Uner
EJDER;Inal
FERHAT;Akkoz
YAKUP;Kaptan
SEVINC;Akdemir
MUSLUM;Ozkok
DERYA;Kivanc
GULTEN;Nadir
PERIHAN;Birol
AYLA;Metin
TURHAN;Basak
ZULKUF;Kunter
FADIME;Dalman
SELAMI;Yesil
RAIF;Karagoz
EVREN;Tahir
YESIM;Tufan
ERTAN;Alkan
SERVET;Dede
NAIM;Yesilnil
NAIL;Buruk
HATIP;Sarp
BUSRA;Cetinkaya
SAN;Demirkol
HILAL;Topcu
CUMHUR;Ergun
CAGLAR;Turkan
NURDAN;Sarikaya
SEVIL;Saylan
ALIYE;Ece
NESE;Cagri
ENIS;Kayyali
RECAI;Hasim
FEYZI;Ciller
BIRSEN;Nazmi
OZGE;Kubilay
NAKI;Guler
MEHMET;Izzet
ALI;Akarsu
HALIL;Ozcelik
IBRAHIM;Sancar
EMIN;Dogu
HASAN;Batur
HUSEYIN;Mumcu
RIZA;Unsal
OSMAN;Colak
IHSAN;Oz
SALIH;Gursel
OMER;Kocer
FARUK;Neyzi
ISMAIL;Toraman
HAKKI;Pamuk
MUSTAFA;Yasar
KEMAL;Albayrak
NURI;Ceren
YUNUS;Eser
EMRE;Gokcen
SAIT;Ak
AYSE;Nalband
GUL;Behcet
ZEKI;Uzumcu
AKIF;Keles
SIRIN;Togay
FATIH;Akkoyun
DURMUS;Fisek
SERIF;Bayraktar
HACI;Aktuna
SELIM;Karakus
BAYRAM;Kobal
CAN;Akgun
HAYDAR;Atalar
DURSUN;Erkoc
AHMET;Yasin
SIDDIK;Elmas
HANIFI;Kaya
BASRI;Yigit
YUSUF;Ataman
ZIYA;Yalman
FATMA;Yuce
SEYIT;Torun
NUR;Toner
MUHAMMET;Can
EMIR;Simsek
TURAN;Firat
DUDU;Erbil
ZEHRA;Gul
EKBER;Onaral
SAH;Sirin
YASAR;Atalay
ZEYNEL;Hussein
ABIDIN;Bozdag
FUAT;Aydogdu
NAMIK;Gucer
TAHIR;Keser
MURAT;Tarcan
UMMU;Nur
GULSUM;Karabulut
SUKRU;Yavuz
YAVUZ;Ozdemir
HAMDI;Ozmen
AVNI;Sokullu
RESIT;Selte
SAKIR;Gundogdu
TAHSIN;Ilkin
CUMA;Gumus
SADIK;Demir
MEMET;Demirbas
MUHAMMED;Sunter
ARIF;Volkan
BESIR;Genc
DURDU;Okay
NEZIR;Bal
ETHEM;Bilgili
HATICE;Kubat
KUBRA;Ecevit
SABRI;Inan
KENAN;Bayindir
RECEP;Sarper
RESAT;Tunc
VEYSI;Sezgin
SEFIK;Turgut
METIN;Kas
TEVFIK;Asik
UGUR;Yumlu
HIKMET;Ozcan
ATA;Kocyigit
HAKAN;Yildiz
FEHMI;Dagtekin
SAHIN;Gollu
BETUL;Ayhan
DURAN;Levni
SINAN;Celal
LUTFI;Ekren
LATIF;Emre
HANIM;Zorlu
SIRAC;Basaran
EMINE;Cavus
HATUN;Dinc
BAKI;Aktug
CEMAL;Dereli
CEMIL;Sabri
CAHIT;Gulden
HALIT;Budak
HAYRI;Akyildiz
MAHMUT;Sokmen
NEDIM;Kuru
MUSA;Yavuz
KAZIM;Bora
BEKIR;Iscan
HARUN;Samdereli
ETEM;Sedef
SIDIK;Yavuz
SEYDI;Uygun
GALIP;Sanli
NACI;Namli
HADI;Serif
KAMIL;Avni
